id,title,body_len,T3_rank,T3_S_scale,T3_S_score
20610530,"

ড্রোন থেকে গাপ্পি সবই ব্যর্থ, মশা বেড়ে দ্বিগুণ
",1518,1.0,1.0,100.0
20616783,"

ভারতে ধনী ও গরিবের বৈষম্য দৃষ্টিকটুভাবে বাড়ছে : রিপোর্ট
",1430,2.0,0.9413333333333334,94.13333333333334
20616782,"

আয়ারল্যান্ডকে ইউরোপীয় ইউনিয়নে বন্ধু হিসেবে দেখা উচিৎ বাংলাদেশের : আইরিশ মন্ত্রী
",1323,3.0,0.87,87.0
20606884,বঙ্গভবনে অভিযোগ তদন্তে ডিবি,1194,4.0,0.784,78.4
20610543,মালয়েশিয়ার রমজান চিত্র: বাংলাদেশিদের ইফতারে অভিভূত মালয়েশিয়ানরা,1177,5.0,0.7726666666666666,77.26666666666667
20606898,কোনো সারপ্রাইজ নয়!,1148,6.0,0.7533333333333333,75.33333333333333
20606762,"
দেশ জাতি রাষ্ট্র 
জলদস্যু বনাম রাষ্ট্রদস্যু
",1142,7.0,0.7493333333333333,74.93333333333332
20606862,"
দেশ জাতি রাষ্ট্র 
জলদস্যু বনাম রাষ্ট্রদস্যু
",1141,8.0,0.7486666666666667,74.86666666666667
20606846,"

ডিজিটাল জুয়ার ফাঁদ
",1109,9.0,0.7273333333333334,72.73333333333333
20606761,"

ডিজিটাল জুয়ার ফাঁদ
",1108,10.0,0.7266666666666667,72.66666666666667
20606864,"
	তৃতীয় পক্ষের মাধ্যমে দস্যুদের যোগাযোগ 
পণবন্দী নাবিক ও জাহাজ উদ্ধারে আলোচনার দুয়ার খুলছে
",1107,11.0,0.726,72.6
20612141,"

তামিমদের ‘সস্তা’ কাণ্ডে শুধুই বিস্ময় আর হতাশা
",1002,12.0,0.656,65.60000000000001
20612992,"

তামিমদের এমন আচরণে শুধুই বিস্ময় আর হতাশা
",1001,13.0,0.6553333333333333,65.53333333333333
20606748,"

১ সপ্তাহে শতাধিক ত্রাণকর্মী হত্যা ইসরাইলের
",954,14.0,0.624,62.4
20612136,"

ভারতীয় পণ্য বর্জন এবং বিএনপির সংহতি : বিবিসির বিশ্লেষণ
",946,15.0,0.6186666666666667,61.86666666666667
20613751,"

দেশের বরেণ্য আইনজীবীদের ওপরও জুলুম চলছে : ড. মুহাম্মদ রেজাউল করিম
",923,16.0,0.6033333333333334,60.333333333333336
20611075,মিয়ানমার সংকট-নিরাপত্তা ও মানবতা,881,17.0,0.5753333333333334,57.53333333333334
20610545,সোমালিয়ার দস্যুদের কবলে এমভি আব্দুল্লাহ: জলদস্যুতার অতীত ও বর্তমান,880,18.0,0.5746666666666667,57.46666666666667
20606755,"

তাওবার মাধ্যমে রবের দিকে ফিরে আসা
",872,19.0,0.5693333333333334,56.93333333333334
20616077,"

ফের মধ্যপ্রাচ্য সফরে অ্যান্টনি ব্লিঙ্কেন, যুদ্ধ কি থামবে?
",868,20.0,0.5666666666666667,56.666666666666664
20606882,গ্যাস সংকটে ধুঁকছে শিল্প,860,21.0,0.5613333333333334,56.13333333333333
20606885,উৎকণ্ঠায় অপেক্ষা স্বজনদের,729,22.0,0.474,47.4
20606751,"

আমি সবসময় ভালো গল্পের সাথে থাকতে চাই : খায়রুল বাসার
",698,23.0,0.4533333333333333,45.33333333333333
20606838,"

রমজানেও শান্তিতে নেই সীমান্ত এলাকার মানুষ
",695,24.0,0.4513333333333333,45.13333333333333
20606956,প্রথম লড়াইয়ের রোমাঞ্চে ‘জ্যোতি-অ্যালিসা’,675,25.0,0.438,43.8
20611055,"

ছড়িয়ে পড়ছে ‘স্লো ফুড’ আন্দোলন
",660,26.0,0.428,42.8
20606983,"ফেব্রুয়ারিতে সড়ক, রেল ও নৌ-পথের ৫৪৬টি দুর্ঘটনায় ৫৯৯ জন নিহত",656,27.0,0.42533333333333334,42.53333333333333
20606839,"

সর্বজনীন পেনশন স্কিমে যুক্ত হলো 'প্রত্যয় স্কিম'
সরকারি স্বায়ত্তশাসিত প্রতিষ্ঠানে আগামী জুলাই থেকে যোগদানকারীরা এই স্কিমের আওতায় আসবেন
",648,28.0,0.42,42.0
20609856,"

৭০ ভাগ ফিলিস্তিনি মনে করে, ৭ অক্টোবর হামাস 'ঠিক' কাজ করেছিল
",622,29.0,0.4026666666666667,40.266666666666666
20606747,"
	ব্যাংকে টাকার সঙ্কট কাটছে না 
এক দিনেই কেন্দ্রীয় ব্যাংক থেকে ধার ২২ হাজার কোটি টাকা
",615,30.0,0.398,39.800000000000004
20606841,"

উন্নয়ন প্রকল্প বাস্তবায়ন ১৪ বছরে সবচেয়ে হতাশাজনক
৮ মাসে মাত্র ৩১.১৭ শতাংশ ৩০ শতাংশও বাস্তবায়ন করতে পারেনি ২০ মন্ত্রণালয় 
",602,31.0,0.3893333333333333,38.93333333333333
20606828,"

যুথীসহ ৪ আইনজীবীর আগাম জামিন
আজ আপনার ক্ষমতা আছে, কাল নাও থাকতে পারে: শুনানিতে হাইকোর্ট
",601,32.0,0.38866666666666666,38.86666666666667
20606886,‘সিলেট আওয়ামী লীগ ঐক্যবদ্ধ’,598,33.0,0.38666666666666666,38.666666666666664
20606975,জিম্মি জাহাজের মালিকপক্ষের সঙ্গে যোগাযোগ দস্যুদের,596,34.0,0.38533333333333336,38.53333333333334
20611067,"

গাজীপুরে সিকিউরিটি অ্যাজেন্সির নামে প্রতারণা : উদ্ধার ২৭, গ্রেফতার ১৪
",587,35.0,0.37933333333333336,37.93333333333334
20606880,৯ মাসে ববিতে ৩ শিক্ষার্থীর আত্মহত্যা,583,36.0,0.37666666666666665,37.666666666666664
20606737,"

পরিবেশ দূষণে ভয়ানক স্বাস্থ্যঝুঁকি বাড়ছে	 	
কমছে আয়ু, ক্ষতিগ্রস্ত অর্থনীতি, নষ্ট কর্মঘণ্টা
",580,37.0,0.37466666666666665,37.46666666666666
20610870,"সাংবাদিক রানার সব অভিযোগ অবিলম্বে প্রত্যাহার দাবি সিপিজের, দায়মুক্তি দিয়ে সাংবাদিকদের হয়রানি করা যাবে না",568,38.0,0.36666666666666664,36.666666666666664
20613749,"

জয়ের লক্ষ্যে শুক্রবার শ্রীলঙ্কার বিপক্ষে প্রথম টেস্ট খেলতে নামছে বাংলাদেশ
",567,39.0,0.366,36.6
20612995,"

অলিম্পিক ফুটবলের ড্র অনুষ্ঠিত, সহজ গ্রুপে স্বাগতিক ফ্রান্স
",557,40.0,0.35933333333333334,35.93333333333334
20606800,"

বিপুল জলরাশির পদ্মায় এখন ধু ধু বালুচর
",551,41.0,0.35533333333333333,35.53333333333333
20606852,"

দেশে মদ আমদানি হয় বিনা শুল্কে আর খেজুর আনতে হয় শুল্ক দিয়ে - মির্জা আব্বাস
",549,42.0,0.354,35.4
20606842,"

সিয়াম অন্যান্য ইবাদত থেকে ভিন্নতর
",546,43.0,0.352,35.199999999999996
20606918,ফিলিস্তিনের বিপক্ষে দলীয় ঐক্যই শক্তি বাংলাদেশের,543,44.0,0.35,35.0
20611070,"গ্লোবাল বাকু কনফারেন্সে বিশ্ব নেতাদের উদ্দেশ্যে ড. ইউনূসের ভাষণ, ইউনেস্কা থেকে 'দি ট্রি অব পিস' পুরস্কার গ্রহণ",542,45.0,0.34933333333333333,34.93333333333333
20615421,"

গাজীপুরে চাকরির প্রলোভনে আটকে রেখে নির্যাতন : উদ্ধার ২৭, গ্রেফতার ১৪
",541,46.0,0.3486666666666667,34.86666666666667
20606921,উজ্জ্বল প্রত্যাবর্তন সাকিবের ম্যাচ জেতানো ফিফটি তামিমের,540,47.0,0.348,34.8
20616788,"

দিল্লির মুখ্যমন্ত্রী অরবিন্দ কেজরিওয়াল গ্রেফতার, ১৪৪ ধারা জারি
",539,48.0,0.3473333333333333,34.733333333333334
20606832,"

শ্রমিক অনৈক্য দূর করার আহ্বান
",536,49.0,0.3453333333333333,34.53333333333333
20606891,নাটোরে উৎকোচ না দেয়ায় ছয় শিক্ষকের বেতন বন্ধ,520,50.0,0.33466666666666667,33.46666666666667
20606889,চবি রেজিস্ট্রারকে হুঁশিয়ারি: ছাত্রলীগ না হলেই চাকরি ক্যান্সেল,519,51.0,0.334,33.4
20606779,"

সয়াল্যান্ড খ্যাত লক্ষ্মীপুরে সয়াবিন উৎপাদনে লক্ষ্যমাত্রা ছাড়িয়ে যাওয়ার আশা
",518,52.0,0.3333333333333333,33.33333333333333
20606881,বাংলাদেশি কূটনীতিককে গ্রহণ করছে না বাহরাইন,517,53.0,0.33266666666666667,33.266666666666666
20613748,"

ঈদে সড়কে দুর্ঘটনা এড়াতে যে নির্দেশ দিলেন ওবায়দুল কাদের
",506,54.0,0.3253333333333333,32.53333333333333
20616080,"

এআই নিয়ে নতুন একটি আইনের খসড়া করা হবে : আইনমন্ত্রী
",503,55.0,0.3233333333333333,32.33333333333333
20606844,"

৩ হাজার ৪৩৪ কোটি টাকার কেনাকাটা করবে সরকার
",500,56.0,0.32133333333333336,32.13333333333333
20610540,ঈদ উপলক্ষ্যে নতুন টাকার নোট পাওয়া যাবে যেসব ব্যাংকে,497,57.0,0.31933333333333336,31.933333333333337
20606757,"

সৃষ্টির পরতে পরতে আল্লাহর অস্তিত্বের প্রমাণ
",497,57.0,0.31933333333333336,31.933333333333337
20612338,ঈদের আগে-পরে ৬ দিন ট্রাক-কাভার্ড ভ্যান চলাচল বন্ধ থাকবে: কাদের,496,59.0,0.31866666666666665,31.866666666666667
20606914,বিএনপি নেতারা নেতৃত্বের ব্যর্থতা ঢাকার চেষ্টা করছে,496,59.0,0.31866666666666665,31.866666666666667
20606829,"

কায়সার কামালসহ ১০ আইনজীবীর জামিন
",492,61.0,0.316,31.6
20610529,"
চাষিদের বাঙ্গি চাষে আগ্রহ বাড়ছে 
ইন্দুরকানীতে বাঙ্গির বাম্পার ফলন ও দামে খুশি চাষিরা
",486,62.0,0.312,31.2
20606833,"

অতি লাভের আশায় অপরিপক্ব পেঁয়াজ উৎপাদনে ঘাটতি
",483,63.0,0.31,31.0
20606845,"

আড়াই মাসে অর্ধলক্ষাধিক শ্রমিক কম গেছে বিদেশে
	শর্ত জুড়ে দেয়ার কারণে কর্মী যাওয়ার গতি কমছে
",481,64.0,0.30866666666666664,30.866666666666664
20606815,"

দেশ ও নারীর উন্নয়নে খালেদা জিয়ার অবদান প্রশ্নাতীত : ইউট্যাব
",480,65.0,0.308,30.8
20616787,"

খোকসায় জেলা আ’লীগ সভাপতির বিরুদ্ধে সাবেক ইউপি চেয়ারম্যানকে পেটানোর অভিযোগ
",478,66.0,0.30666666666666664,30.666666666666664
20606912,কঠিন শর্তে মেডিকেলে বিদেশি শিক্ষার্থী কমছে সংকুচিত হচ্ছে বৈদেশিক মুদ্রা আয়,474,67.0,0.304,30.4
20606856,"

নতুন শুরুর প্রথম বাধা আজ ফিলিস্তিন
",473,68.0,0.30333333333333334,30.333333333333336
20606887,যাদের ওপর ফরজ রোজা না রাখার অবকাশ আছে?,470,69.0,0.30133333333333334,30.133333333333333
20606980,"কলাপাড়ায় ছাত্রলীগের কমিটি নিয়ে ফের উদ্বেগ-উৎকণ্ঠা, বিতর্ক",470,69.0,0.30133333333333334,30.133333333333333
20606945,টঙ্গীতে পানির ১৪ হাজার গ্রাহকের বকেয়া বিল ৩৮ কোটি টাকা,467,71.0,0.29933333333333334,29.933333333333334
20606879,ফখরুলের সংগ্রহশালায় ১৩০ দেশের মুদ্রা,467,71.0,0.29933333333333334,29.933333333333334
20606855,"

পতন থেকে ১ মাস পর ঘুরে দাঁড়ানোর চেষ্টায় পুঁজিবাজার
",466,73.0,0.2986666666666667,29.86666666666667
20611057,"

কুপিয়ানস্ক দখল করতে পারে রাশিয়া, আতঙ্কে শহরবাসী
",457,74.0,0.2926666666666667,29.26666666666667
20611059,"

কুপিয়ানস্ক দখল করতে পারে রাশিয়া, আতঙ্কে শহরবাসী
",457,74.0,0.2926666666666667,29.26666666666667
20606807,"

ইউরোপের সাথে টেক্কা দিতে পারছে না এশিয়া
",454,76.0,0.2906666666666667,29.06666666666667
20606972,খুলনায় গ্যারেজ মিস্ত্রিকে হত্যা ও গুমের অভিযোগে মামলা,454,76.0,0.2906666666666667,29.06666666666667
20606820,"

ভেঙে ফেলা হচ্ছে না'গঞ্জের শত বছরের ঐতিহ্য 'বোস কেবিন'
",454,76.0,0.2906666666666667,29.06666666666667
20613012,সেপ্টেম্বরের মধ্যে ‘এআই’ আইনের খসড়া প্রণয়ন: আইনমন্ত্রী,453,79.0,0.29,28.999999999999996
20606958,জামিন পেলেন আইনজীবী যুথী ও কাজল,453,79.0,0.29,28.999999999999996
20606768,"

যুক্তরাষ্ট্র ইউক্রেনকে ব্যর্থ হতে দেবে না : লয়েড অস্টিন
",450,81.0,0.288,28.799999999999997
20612145,"

যানজট নিরসনে নগরবাসীর প্রতি ট্রাফিক পুলিশের নির্দেশনা
",449,82.0,0.28733333333333333,28.733333333333334
20606924,বাংলাদেশ ‘নারী-পুরুষ’ দলে বৈষম্য চান না অ্যালিসা,449,82.0,0.28733333333333333,28.733333333333334
20612339,দায়িত্বের শেষ দিনেও ৩৭ জনকে নিয়োগ দিলেন ভিসি,446,84.0,0.2853333333333333,28.53333333333333
20606823,"
রাজপথে মৃত্যুর হানা 
একই পরিবারের ৪ জনসহ নিহত ৮
",442,85.0,0.2826666666666667,28.26666666666667
20613743,"

ভুটান থেকে বিদ্যুৎ আমদানিতে ভারতের ভূখণ্ড ব্যবহার করতে চান প্রধানমন্ত্রী
",427,86.0,0.27266666666666667,27.266666666666666
20606964,তানোর পোস্ট অফিস থেকে গ্রাহকের কোটি টাকা উধাও,425,87.0,0.2713333333333333,27.133333333333333
20610863,ইসরাইলে অস্ত্র সরবরাহ স্থগিত করছে কানাডা,424,88.0,0.27066666666666667,27.066666666666666
20606821,"

এমপিওভুক্ত হচ্ছেন সাড়ে ৫ হাজার বেসরকারি শিক্ষক-কর্মচারী
",422,89.0,0.2693333333333333,26.93333333333333
20612331,রমজানে সড়কে ব্যবসায়ীদের বসতে দেবে না ট্রাফিক পুলিশ,421,90.0,0.26866666666666666,26.866666666666667
20611053,"

উপজেলা নির্বাচনের প্রথম ধাপের তফসিল আজ
",420,91.0,0.268,26.8
20606850,"

মোবাইল কোম্পানিকে আলাদা ডাটাবেজ তৈরির নির্দেশনা বাতিল প্রশ্নে হাইকোর্টের রুল
",416,92.0,0.2653333333333333,26.53333333333333
20616091,শিগগিরই ‘প্রবাসী কল্যাণ সেল’ গঠন করা হবে- প্রবাসী কল্যাণ মন্ত্রী,415,93.0,0.26466666666666666,26.466666666666665
20606962,হোমিওপ্যাথিতে অটিজম সমাধান ও কার্যকারিতা,415,93.0,0.26466666666666666,26.466666666666665
20606895,"কালীগঞ্জ থেকে অপহৃত প্রবাসী নরসিংদীতে উদ্ধার, নারীসহ গ্রেপ্তার ৩",414,95.0,0.264,26.400000000000002
20606853,"

মাঝিদের সাহরি ইফতারে পচাভাত ও হোটেলের বাসি খাবার
",413,96.0,0.2633333333333333,26.333333333333332
20606754,"
দেশে ভয়াবহ মাত্রায় বায়ুদূষণ 
সবাই উদাসীন
",406,97.0,0.25866666666666666,25.866666666666667
20606937,হাতিয়ার মানুষের জীবনযাত্রার উন্নয়নে কাজ করবেন সুইডেনের রাজকন্যা,405,98.0,0.258,25.8
20610526,"

ইন্দোনেশিয়া উপকূলে শতাধিক রোহিঙ্গা বহনকারী নৌকাডুবি
",402,99.0,0.256,25.6
20611079,অস্তিত্ব সংকটে ভুগছে মিয়ানমারের সামরিক জান্তা,398,100.0,0.25333333333333335,25.333333333333336
20616079,"

পানির প্রতিটি ফোঁটার সর্বোত্তম ব্যবহারই নিশ্চিত করতে পারে সর্বজনীন ন্যায়ভিত্তিক বণ্টন : প্রধানমন্ত্রী
",398,100.0,0.25333333333333335,25.333333333333336
20606909,তিক্ত অভিজ্ঞতা,391,102.0,0.24866666666666667,24.866666666666667
20606888,খালেদা জিয়ার সাজা স্থগিতের মেয়াদ বাড়ছে,387,103.0,0.246,24.6
20606860,"
শেয়ারবাজারে নজিরবিহীন ধস 
বিনিয়োগকারীদের বাঁচান
",387,103.0,0.246,24.6
20606798,"

কুমিল্লার সবজির ভাণ্ডার গোমতীর চর বিলুপ্তির পথে
",386,105.0,0.24533333333333332,24.53333333333333
20606837,"
	খালেদা জিয়ার মুক্তির মেয়াদ বাড়ছে আরো ৬ মাস 
চিকিৎসার জন্য বিদেশে যেতে পারবেন না
",385,106.0,0.24466666666666667,24.46666666666667
20606825,"

তিন জেলায় অগ্নিকাণ্ডে ৯ দোকান ও ৯ ঘর পুড়ে গেছে
",383,107.0,0.24333333333333335,24.333333333333336
20611080,ওয়ালটনের নতুন সিরিজের স্মার্টফোন ‘নেক্সজি এন৯’ বাজারে,381,108.0,0.242,24.2
20606894,উপজেলা স্বাস্থ্য কমপ্লেক্সে যন্ত্রপাতি মেরামতের ভুয়া বিল-ভাউচার দাখিল,376,109.0,0.23866666666666667,23.866666666666667
20611069,"

প্রথম ধাপে ১৫২ উপজেলায় ভোট ৮ মে
",373,110.0,0.23666666666666666,23.666666666666668
20613755,নির্বাচনী হস্তক্ষেপ মামলায় সুপ্রিম কোর্টের কাছে 'রক্ষাকবচ ' চাইলেন ট্রাম্প,372,111.0,0.236,23.599999999999998
20606784,"

স্থায়ী জনকল্যাণের অনন্য উপায় ইসলামী ব্যাংকের ওয়াকফ হিসাব
",371,112.0,0.23533333333333334,23.533333333333335
20606809,"

স্বাগতিক সুবিধা নিতেই মুখিয়ে নিগার
",371,112.0,0.23533333333333334,23.533333333333335
20606746,"
	তদন্ত করা হচ্ছে: ডিবি প্রধান 
শিক্ষক ইমনের বিরুদ্ধে জবি ছাত্রীর যৌন হয়রানির অভিযোগ
",370,114.0,0.23466666666666666,23.466666666666665
20610536,"

সম্পর্কের 'নতুন অধ্যায়ের' সূচনা করতে হিজবুল্লাহ সদস্যের আমিরাত সফর
",368,115.0,0.23333333333333334,23.333333333333332
20616773,"

এইচএসসির ফরম পূরণ শুরু ১৬ এপ্রিল, পরীক্ষা ৩০ জুন
",360,116.0,0.228,22.8
20606808,"

 দেশী স্ট্রাইকাররাই দায়ী : এমিলি
",357,117.0,0.226,22.6
20606946,কালাইয়ে পানির সেচ মূল্য বৃদ্ধিতে বিপাকে চাষিরা,355,118.0,0.22466666666666665,22.466666666666665
20606877,ফ্রান্স দলে নেই গ্রিজম্যান থামছে রেকর্ড যাত্রা,355,118.0,0.22466666666666665,22.466666666666665
20612134,"

চলতি শতকের শেষে কমে আসবে প্রতিটি দেশের জনসংখ্যা : গবেষণা
",354,120.0,0.224,22.400000000000002
20606814,"
ক্যাম্পাসে যৌন হয়রানি 
দ্রুত ব্যবস্থা নিতে ইউজিসির নির্দেশ
",354,120.0,0.224,22.400000000000002
20606760,"
স্মরণ 
কে এম ওবায়দুর রহমান
",352,122.0,0.22266666666666668,22.26666666666667
20606813,"

ছাত্রলীগের বাইরে সব নিয়োগ ক্যান্সেল
চবি ছাত্রলীগ নেতা শাসালেন রেজিস্ট্রারকে
",349,123.0,0.22066666666666668,22.066666666666666
20606876,"রিয়াল চুক্তি নবায়ন করবে, বিশ্বাস ক্রুসের",346,124.0,0.21866666666666668,21.866666666666667
20610541,"বাংলাদেশ থেকে অনুপ্রবেশকালে ভারতীয় আইএসের শীর্ষ দুই নেতা গ্রেপ্তার আসামে, একজনের স্ত্রী বাংলাদেশি",343,125.0,0.21666666666666667,21.666666666666668
20606836,"

উখিয়া ও ভাসানচর পরিদর্শন করলেন রাজকুমারী ভিক্টোরিয়া
",342,126.0,0.216,21.6
20606827,"

গায়ের চাদর ছুড়ে ফেলে ইন্ডিয়া আউট ক্যাম্পেইনে সংহতি প্রকাশ রিজভীর
",336,127.0,0.212,21.2
20606922,৭ রানে ৫ উইকেট তানভীরের,335,128.0,0.21133333333333335,21.133333333333333
20615418,"

কানাডার প্রধানমন্ত্রী জাস্টিন ট্রুডো জন্মসূত্রে পাবনা জেলার নাগরিক!
",332,129.0,0.20933333333333334,20.933333333333334
20606840,"

এলিভেটেড এক্সপ্রেসওয়ের তেজগাঁও থেকে এফডিসির গেট পর্যন্ত ডাউন র‍্যাম্প উন্মুক্ত
	যানজট ধীরে ধীরে চলে যাবে: কাদের
",332,129.0,0.20933333333333334,20.933333333333334
20616092,মুক্তিযুদ্ধের চেতনার লেবাসধারী আ. লীগই গণতন্ত্র হত্যাকারী : ইশরাক,331,131.0,0.20866666666666667,20.866666666666667
20611054,"

হাইতিতে ছড়াচ্ছে গ্যাং-ওয়ার, বাড়ছে সহিংসতা
",325,132.0,0.20466666666666666,20.466666666666665
20606883,ভারতীয় পণ্য বর্জন আন্দোলনে বিএনপি’র সংহতি,323,133.0,0.20333333333333334,20.333333333333332
20613754,'মোনা: জ্বীন-২’ দেখে অসুস্থ হলে বিনা খরচে চিকিৎসা,321,134.0,0.202,20.200000000000003
20610524,"

রাবি জাতীয়তাবাদী শিক্ষক ফোরামের সভাপতি আলিম, সম্পাদক আমীরুল
",321,134.0,0.202,20.200000000000003
20615423,"

দুর্গম পাহাড়ে চিকিৎসার অভাবে ৫ জনের মৃত্যু
",321,134.0,0.202,20.200000000000003
20613008,"

অস্ট্রেলিয়ার বিপক্ষে বড় হারে সিরিজ শুরু বাংলাদেশের
",318,137.0,0.2,20.0
20613750,"

যথাযথ স্বাস্থ্যসেবা না পাওয়ায় ডেঙ্গু আক্রান্ত রোগীর মৃত্যুহার বেশি : মেয়র তাপস
",315,138.0,0.198,19.8
20613011,"'কংগ্রেসের ব্যাংক অ্যাকাউন্ট ফ্রিজ, ভোট প্রচার করা যাচ্ছে না'",315,138.0,0.198,19.8
20611061,"

বিপর্যয় সামলে বাংলাদেশকে চ্যালেঞ্জিং স্কোর দিলো অস্ট্রেলিয়া
",314,140.0,0.19733333333333333,19.733333333333334
20606892,সিলেটে কারামুক্ত খান জামালকে নিয়ে মোটর শোভাযাত্রা,312,141.0,0.196,19.6
20616776,"

আইভীকে কাছে পেয়ে বুকে টেনে নিলেন প্রধানমন্ত্রী
",311,142.0,0.19533333333333333,19.53333333333333
20606854,"
অবন্তিকার আত্মহত্যা 
ফের ৫ দফা দাবিতে শিক্ষার্থীদের সংবাদ সম্মেলন
",309,143.0,0.194,19.400000000000002
20606756,"

 মিথ্যা বলার পরিণাম
",307,144.0,0.19266666666666668,19.26666666666667
20606933,গাঁজায় ভাসছে চুনারুঘাট,306,145.0,0.192,19.2
20610527,"

আন্তর্জাতিক নিষেধাজ্ঞায় পরিস্থিতি অবনতি উত্তর কোরিয়ার
",305,146.0,0.19133333333333333,19.133333333333333
20606917,ক্যারিয়ার সেরা র‌্যাঙ্কিংয়ে শান্ত-শরিফুল,304,147.0,0.19066666666666668,19.066666666666666
20606816,"
ভিকারুন নিসায় ১৬৯ শিক্ষার্থীর ভর্তির ওপর স্থিতাবস্থা 
২ মাসের মধ্যে হাইকোর্টকে রুল নিষ্পত্তির নির্দেশ
",303,148.0,0.19,19.0
20616781,"

জয়পুরহাটে ডায়রিয়ার প্রকোপ, এক সপ্তাহে ৫৫০ জন হাসপাতালে ভর্তি
",303,148.0,0.19,19.0
20613010,সুপ্রিম কোর্টের হলফনামায় রোহিঙ্গা দায় ঝেড়ে ফেললো ভারত সরকার,302,150.0,0.18933333333333333,18.933333333333334
20606851,"

মানুষ না খেয়ে মারা যাবে দেশ সে দিকেই যাচ্ছে: জিএম কাদের
",295,151.0,0.18466666666666667,18.46666666666667
20610542,যুক্তরাষ্ট্রের বাজারে কমেই চলেছে তৈরি পোশাক রপ্তানি,291,152.0,0.182,18.2
20606805,"

তামিম-ইমনের অর্ধশত তানভীরের ৫ উইকেট
",287,153.0,0.17933333333333334,17.933333333333334
20613738,"

মুক্তি পেয়েছেন ব্যারিস্টার কাজল
",287,153.0,0.17933333333333334,17.933333333333334
20606811,"

ডেঙ্গুতে একজনের মৃত্যু নতুন শনাক্ত ১৪  
",283,155.0,0.17666666666666667,17.666666666666668
20606910,বিএনপি নেতা আমানের জামিন,280,156.0,0.17466666666666666,17.466666666666665
20606750,"

গ্র্যান্ড ফিনালের আগেই ঈদে আসছে রনির প্রথম গান
",278,157.0,0.17333333333333334,17.333333333333336
20606867,"

মিষ্টি ছাড়লেও কেন ডায়াবেটিস বাড়ে?
",278,157.0,0.17333333333333334,17.333333333333336
20616774,"

‘বাংলাদেশ ল’ইয়ার্স কাউন্সিল আইনের শাসন প্রতিষ্ঠায় আন্দোলন করে যাচ্ছে’
",274,159.0,0.17066666666666666,17.066666666666666
20610537,"

হিলি স্থল বন্দরে দিয়ে ৩০০ টন পেঁয়াজ আামদানি
",273,160.0,0.17,17.0
20606794,"

এখনো সচল হয়নি চুয়াডাঙ্গা জিকে সেচ প্রকল্পের পাম্প
",273,160.0,0.17,17.0
20616777,"

 পররাষ্ট্রমন্ত্রীর সাথে বিশ্ব খাদ্য কর্মসূচি ও জাতিসঙ্ঘ নারী প্রতিনিধির সাক্ষাত
",273,160.0,0.17,17.0
20613000,"

পাকিস্তানে গোয়াদার বন্দরে হামলা, সন্ত্রাসীসহ নিহত ১৪
",272,163.0,0.16933333333333334,16.933333333333334
20606789,"

সাদুল্লাপুরে আঞ্চলিক মহাসড়কে ৪ কিলোমিটারে ২২ বাঁক যেন মরণফাঁদ
",269,164.0,0.16733333333333333,16.733333333333334
20606817,"

প্রশাসন ও বিচারব্যবস্থা কুক্ষিগত করে রেখেছে সরকার: মঈন খান
",266,165.0,0.16533333333333333,16.53333333333333
20606835,"

মির্জা ফখরুলের স্বাস্থ্যের অবস্থা ভালো, ফিরছেন শনিবার
",265,166.0,0.16466666666666666,16.466666666666665
20606830,"

পাল্টাপাল্টি হামলার পর আফগান-পাকিস্তান সীমান্ত শান্ত
",264,167.0,0.164,16.400000000000002
20616081,"

হাইকোর্টের নিষেধাজ্ঞা অমান্য : ভাঙ্গা হচ্ছে শতবর্ষী কলেজিয়েট স্কুল
",262,168.0,0.16266666666666665,16.266666666666666
20612329,"ডিপফেকের শিকার ইতালির প্রধানমন্ত্রী মেলোনি, ১০০,০০০ ইউরো ক্ষতিপূরণ দাবি",260,169.0,0.16133333333333333,16.133333333333333
20606932,মাথিউড়া চা বাগানে শ্রমিকদের কর্মবিরতি,259,170.0,0.16066666666666668,16.066666666666666
20606878,জার্সি খুললে হলুদ কার্ড দেখানো বন্ধের দাবি ব্রুনো ফার্নান্দেজের,258,171.0,0.16,16.0
20606899,‘ক্ষমতাসীনরা সিন্ডিকেট করে দ্রব্যমূল্য বাড়িয়েছে’,253,172.0,0.15666666666666668,15.666666666666668
20612998,"

থাই রাজার দ্বিতীয় পুত্র রাজ্যে ফিরবেন
",253,172.0,0.15666666666666668,15.666666666666668
20606745,"

ওয়ান-ইলেভেনের কুশীলবরা ঘাপটি মেরে আছে: পররাষ্ট্রমন্ত্রী
",251,174.0,0.15533333333333332,15.533333333333331
20606849,"

হঠাৎ বাতিল মোদির ভুটান সফর
",251,174.0,0.15533333333333332,15.533333333333331
20606767,"

 অনাহারে মৃত্যুর মুখে রাখাইনের বাস্তুচ্যুতরা
",249,176.0,0.154,15.4
20610523,"
ইসরাইলকে বাইডেনের সমর্থন 
হোয়াইট হাউসের রমজান অনুষ্ঠান বর্জনের ঘোষণা মুসলিম দলগুলোর
",245,177.0,0.15133333333333332,15.133333333333333
20606858,"

 ভারত মহাসাগরে প্রভাব বিস্তারের প্রতিযোগিতায় চীন-ভারত
",245,177.0,0.15133333333333332,15.133333333333333
20606857,"

ইসরাইলকে বাইডেনের সমর্থন : হোয়াইট হাউসের রমজান অনুষ্ঠান বর্জনের ঘোষণা মুসলিম দলগুলোর
",245,177.0,0.15133333333333332,15.133333333333333
20606799,"

তেঁতুলিয়ায় গমের বাম্পার ফলন
",244,180.0,0.15066666666666667,15.066666666666666
20615424,"

ভারত থেকে আরো ৩০০ মেট্রিক টন আলু আমদানি
",244,180.0,0.15066666666666667,15.066666666666666
20606897,দুর্ঘটনা কমাতে সিলেট পুলিশের ‘বিশেষ সপ্তাহ’,243,182.0,0.15,15.0
20616780,"

জি টু জি পদ্ধতিতে বাংলাদেশ বিমানের সাথে কাজ করতে আগ্রহী কানাডা
",243,182.0,0.15,15.0
20611073,মালয়েশিয়া থেকে দেশে ফিরলেন আড়াই হাজারের বেশি প্রবাসী,242,184.0,0.14933333333333335,14.933333333333335
20610867,ঈদুল ফিতরে মিলতে পারে টানা ১০ দিনের ছুটি,240,185.0,0.148,14.799999999999999
20606753,"

টিকটক ব্যবহারকারীদের ব্যক্তিগত তথ্যের নিরাপত্তায় সক্রিয় যুক্তরাষ্ট্র
",239,186.0,0.14733333333333334,14.733333333333334
20612144,"

৫ দফা দাবিতে জবি ভিসির কাছে স্মারকলিপি
",236,187.0,0.14533333333333334,14.533333333333335
20616090,বিমানের সঙ্গে ঘনিষ্টভাবে কাজ করতে আগ্রহী কানাডা,236,187.0,0.14533333333333334,14.533333333333335
20616085,"

কমার ২ দিন পরই স্বর্ণের দামে নতুন রেকর্ড
",235,189.0,0.14466666666666667,14.466666666666667
20606948,আশুলিয়ায় ডাকাতির সময় আন্তঃজেলা ডাকাতদলের ৬ সদস্য গ্রেপ্তার,233,190.0,0.14333333333333334,14.333333333333334
20606749,"

স্বাধীনতার দাবিতে উত্তাল রাজপথ
",232,191.0,0.14266666666666666,14.266666666666666
20606834,"
	উপজেলা নির্বাচনের প্রজ্ঞাপন 
জামানত চেয়ারম্যান পদে ৯০ হাজার, ভাইস চেয়ারম্যানে ৭০ হাজার টাকা বাড়ল
",231,192.0,0.142,14.2
20616415,আবগারি দুর্নীতি মামলায় গ্রেফতার দিল্লির মুখ্যমন্ত্রী অরবিন্দ কেজরিওয়াল,231,192.0,0.142,14.2
20615420,"

বনের ভেতরে রাস্তা বা কোনো অবকাঠামো নির্মাণ করা যাবে না : মন্ত্রী
",230,194.0,0.14133333333333334,14.133333333333335
20615425,"

ধোনির নেতৃত্বে খেলা হচ্ছে না মোস্তাফিজের
",229,195.0,0.14066666666666666,14.066666666666666
20606896,ফুলবাড়ীয়ায় অনিয়ম-দুর্নীতির অভিযোগ ইউপি চেয়ারম্যানের বিরুদ্ধে অনাস্থা,225,196.0,0.138,13.8
20611063,"

স্বাধীনতা দিবস উপলক্ষে বিএনপির কর্মসূচি ঘোষণা 
",224,197.0,0.13733333333333334,13.733333333333334
20606848,"

ভুয়া ব্যবসায় নিয়োজিত ক্যাডারদের বিরুদ্ধে ব্যবস্থা নিচ্ছে চীন
",221,198.0,0.13533333333333333,13.533333333333333
20606865,"

কম্পিউটার সমিতির নির্বাচনে ৯ প্রার্থীর মনোনয়ন বৈধ ঘোষণা
",220,199.0,0.13466666666666666,13.466666666666665
20606979,পেকুয়ায় কাদামিশ্রিত পানিতে জ্বলছে আগুন,219,200.0,0.134,13.4
20606900,মীরসরাইয়ে রাস্তা বন্ধ করায় অবরুদ্ধ ৬ পরিবার,218,201.0,0.13333333333333333,13.333333333333334
20606940,গৃহবধূকে গণধর্ষণ গ্রেপ্তার ৩,218,201.0,0.13333333333333333,13.333333333333334
20616086,"

দুর্দশাগ্রস্ত মানুষের পাশে দাঁড়ানো আমাদের ঈমানি দায়িত্ব : ডা. শফিকুর রহমান
",216,203.0,0.132,13.200000000000001
20606931,মুকসুদপুরে একই পরিবারের ৪ নারীসহ নিহত ৫,215,204.0,0.13133333333333333,13.133333333333333
20606906,কিশোরগঞ্জে মহিলা পরিষদের প্রতিবাদ সমাবেশ,214,205.0,0.13066666666666665,13.066666666666665
20612337,ইন্দোনেশিয়ায় প্রেসিডেন্ট নির্বাচিত প্রবোয়ো সুবিয়ান্তো,211,206.0,0.12866666666666668,12.866666666666667
20606778,"

লোহাগড়ার পথে-প্রান্তরে নজরকাড়া ভাটি ফুল
",211,206.0,0.12866666666666668,12.866666666666667
20612137,"

দমকা হাওয়াসহ বজ্রবৃষ্টির পূর্বাভাস
",211,206.0,0.12866666666666668,12.866666666666667
20606908,কারাগারে জবি শিক্ষার্থী আম্মান সিদ্দিকী,211,206.0,0.12866666666666668,12.866666666666667
20606871,দীপিকার নতুন সিদ্ধান্ত,209,210.0,0.12733333333333333,12.733333333333333
20606824,"
হেলথ টিপস 
যথেচ্ছ মাল্টিভিটামিন নয়
",209,210.0,0.12733333333333333,12.733333333333333
20616095,পুতিনকে ভোট দেয়ায় কর্মীকে চাকরিচ্যুত করলো বৃটিশ কোম্পানি,209,210.0,0.12733333333333333,12.733333333333333
20616779,"

বাজার ব্যবস্থাটাকে ঢেলে সাজানোর চেষ্টা করছি : বাণিজ্য প্রতিমন্ত্রী
",207,213.0,0.126,12.6
20613007,"

যুক্তরাষ্ট্রকে চাপে রাখতে ফের পরীক্ষা উত্তর কোরিয়ার
",207,213.0,0.126,12.6
20606831,"

সৌদি-পাকিস্তান সামরিক সহযোগিতা নিয়ে আলোচনা
",205,215.0,0.12466666666666666,12.466666666666667
20606777,"

শ্রীমঙ্গলে দলিল লেখকদের কর্মবিরতি
",203,216.0,0.12333333333333334,12.333333333333334
20615426,দেশটা মগের মুল্লুকে পরিণত হয়েছে: ফখরুল,203,216.0,0.12333333333333334,12.333333333333334
20606869,রহস্যের জট খুলবেন বাঁধন,202,218.0,0.12266666666666666,12.266666666666666
20606812,"

কমোডিটি এক্সচেঞ্জের নিবন্ধন সনদ পেল চট্টগ্রাম স্টক
",202,218.0,0.12266666666666666,12.266666666666666
20606752,"

এনভিডিয়ার নতুন এআই চিপ
",201,220.0,0.122,12.2
20606870,ঈদে নওশাবার ‘মেঘনা কন্যা’,201,220.0,0.122,12.2
20610535,"

পদত্যাগের ঘোষণা দিলেন আয়ারল্যান্ডের প্রধানমন্ত্রী
",201,220.0,0.122,12.2
20616087,"

বাবার ঘরে আগুন দিয়ে লাঠি হাতে পাহারা!
",200,223.0,0.12133333333333333,12.133333333333333
20616786,"

নওগাঁয় বেয়াইয়ের ছুরিকাঘাতে বেয়াই নিহত; আটক অপর বেয়াই
",200,223.0,0.12133333333333333,12.133333333333333
20606738,"
	রামাদান ফুড প্যাক উপহার  
সামর্থ্যবানদের সম্পদে দরিদ্রদের হক রয়েছে : শিবির সভাপতি
",197,225.0,0.11933333333333333,11.933333333333334
20612142,"

তৃতীয় শ্রেণি পর্যন্ত প্রথম ও দ্বিতীয় সাময়িক পরীক্ষা হবে না
",196,226.0,0.11866666666666667,11.866666666666667
20611071,প্রথম ধাপে ১৫২ উপজেলায় ভোট ৮ই মে,194,227.0,0.11733333333333333,11.733333333333333
20612325,"তৃতীয় শ্রেণি পর্যন্ত প্রথম ও দ্বিতীয় সাময়িক পরীক্ষা হবে না, মূল্যায়ন চলবে",194,227.0,0.11733333333333333,11.733333333333333
20616093,"লন্ডনে রেল স্টেশনের প্রস্থান বোর্ডে রমজানের বার্তা, তদন্তে রেল কর্তারা",193,229.0,0.11666666666666667,11.666666666666666
20610869,বিপর্যয় সামলে উঠার চেষ্টা করছে অস্ট্রেলিয়ার নারীরা,192,230.0,0.116,11.600000000000001
20606953,রংপুরে জুয়া খেলাকে কেন্দ্র করে বিরোধের জেরে হত্যাকাণ্ডের ঘটনায় ৩ আসামি গ্রেপ্তার,192,230.0,0.116,11.600000000000001
20606968,ফটিকছড়ি প্রেস ক্লাবের সভাপতি আহমদ সম্পাদক আকাশ,191,232.0,0.11533333333333333,11.533333333333333
20616089,বানিয়াচংয়ে উপজেলা প্রশাসনের কর্মকর্তাদের সঙ্গে জেলা প্রশাসকের মতবিনিময়,190,233.0,0.11466666666666667,11.466666666666667
20611072,শর্ত শিথিল: বাংলাদেশের ৯ বিশ্ববিদ্যালয়ের শিক্ষার্থীদের যুক্তরাষ্ট্রে উচ্চশিক্ষার সুযোগ,190,233.0,0.11466666666666667,11.466666666666667
20613742,"

মেট্রোরেলের ক্যান্টিন ভাড়ার ঘটনা তদন্তের নির্দেশ হাইকোর্টের
",188,235.0,0.11333333333333333,11.333333333333332
20611065,"

একে অপরের পাশে দাঁড়াবে রাশিয়া ও চীন!
",187,236.0,0.11266666666666666,11.266666666666666
20611078,এ বছরের ফিতরা কত জানালো ইসলামিক ফাউন্ডেশন,185,237.0,0.11133333333333334,11.133333333333335
20611056,"

মির্জাগঞ্জে হনুমানের আক্রমণে ২ স্কুলছাত্রী আহত
",185,237.0,0.11133333333333334,11.133333333333335
20606822,"

কুমিল্লায় মহাসড়কের পাশে মুখে স্কচটেপ প্যাঁচানো কাউন্সিলরের লাশ
",184,239.0,0.11066666666666666,11.066666666666666
20606790,"

ঝালকাঠি থেকে সরকারি গাছ কেটে নিয়ে যাওয়ার সময় জব্দ
",184,239.0,0.11066666666666666,11.066666666666666
20606929,"আবারো চোট, মৌসুম শেষ কোর্তোয়ার",183,241.0,0.11,11.0
20606942,বাউবি’র ঢাকা কেন্দ্রে বঙ্গবন্ধুর ম্যুরাল উদ্বোধন,183,241.0,0.11,11.0
20615417,"

যৌন নিপীড়ন অভিযোগ : জবির শিক্ষক বহিষ্কার, চেয়ারম্যানকে অব্যাহতি
",181,243.0,0.10866666666666666,10.866666666666665
20606826,"

কুরআন পড়ে মুগ্ধ হলিউড সুপারস্টার উইল স্মিথ
",181,243.0,0.10866666666666666,10.866666666666665
20606818,"

হিংসা ছেড়ে সিয়াম সাধনায় ব্রতী হওয়ার আহ্বান চরমোনাই পীরের
",180,245.0,0.108,10.8
20606776,"

কক্সবাজারে শিক্ষার্থীদের মধ্যে কুরআন বিতরণ 
",180,245.0,0.108,10.8
20613739,"

চিরিরবন্দরে আগুনে পুড়ে ৯ ঘর ভস্মীভূত
",180,245.0,0.108,10.8
20606977,ঈদ ইত্যাদিতে বক্তব্যধর্মী মিউজিক্যাল ড্রামা,179,248.0,0.10733333333333334,10.733333333333334
20615419,"

ফরিদপুরে নাশকতা মামলায় বিএনপির ৪ নেতা কারাগারে
",179,248.0,0.10733333333333334,10.733333333333334
20615427,পদত্যাগের সিদ্ধান্ত ইসরাইলের সেনাপ্রধানের,178,250.0,0.10666666666666667,10.666666666666668
20606926,নারী ফুটবলের জন্য পররাষ্ট্র মন্ত্রণালয়ে বাফুফে’র চিঠি,178,250.0,0.10666666666666667,10.666666666666668
20613756,রমজানের অনুষ্ঠান আয়োজন নিয়ে যা জানালো ঢাবি কর্তৃপক্ষ,177,252.0,0.106,10.6
20606866,"

১২তলা থেকে লাফিয়ে ১১তলায় কার্নিশে আটকা কিশোরী
",177,252.0,0.106,10.6
20611058,"

ঈদে ৬ দিন মহাসড়কে ট্রাক চলাচল বন্ধ
",174,254.0,0.104,10.4
20610865,"ভেন্টিলেশনে অভিনেত্রী, আর্থিক সাহায্য চাইলেন বোন",173,255.0,0.10333333333333333,10.333333333333334
20606982,চৌদ্দগ্রামে হাত-পা বাঁধা মরদেহ উদ্ধার,172,256.0,0.10266666666666667,10.266666666666667
20611064,"

ইন্দোনেশিয়া উপকূলে নৌকাডুবি : ৬৯ রোহিঙ্গা শরণার্থী উদ্ধার
",172,256.0,0.10266666666666667,10.266666666666667
20611066,"

দাদির জানাজায় যাওয়ার পথে ট্রাকের ধাক্কায় নাতি নিহত
",172,256.0,0.10266666666666667,10.266666666666667
20610544,অস্ট্রেলিয়াকে চেপে ধরেছে বাংলাদেশ,171,259.0,0.102,10.2
20612135,"

পাবনায় বয়লার বিস্ফোরণে শিশুসহ নিহত ২
",171,259.0,0.102,10.2
20606810,"

'এমভি আবদুল্লাহ' ছিনতাইয়ের ঘটনায় শিপার্স কাউন্সিলের চেয়ারম্যানের উদ্বেগ
",170,261.0,0.10133333333333333,10.133333333333333
20616075,"

জাতীয়তাবাদী আইনজীবী ফোরামের ইফতার ও দোয়া মাহফিল অনুষ্ঠিত 
শহীদ জিয়া রূহের মাগফেরাত ও খালেদা জিয়ার রোগমুক্তি কামনা
",170,261.0,0.10133333333333333,10.133333333333333
20606797,"

চৈত্রের আগমনে ঝিঁঝিঁ পোকার ডাক
",169,263.0,0.10066666666666667,10.066666666666666
20609855,"

শামির বিকল্প খুঁজে নিল গুজরাট, দলে টেনেছে সন্দ্বীপকে
",168,264.0,0.1,10.0
20616094,কমানোর দুদিন পরেই স্বর্ণের দাম ফের বাড়লো,167,265.0,0.09933333333333333,9.933333333333334
20606936,সড়ক দুর্ঘটনায় ব্যাংক কর্মকর্তাসহ নিহত ২,167,265.0,0.09933333333333333,9.933333333333334
20612139,"

নাঙ্গলকোটে ৪ দিন পর ট্রেন চলাচল স্বাভাবিক
",167,265.0,0.09933333333333333,9.933333333333334
20606771,"

দোহারে দুর্বৃত্তের হামলায় একই পরিবারের ৫ জন আহত
",167,265.0,0.09933333333333333,9.933333333333334
20612993,"

এআই-এর ঝুঁকি ও সম্ভাবনা নিয়ে জাতিসঙ্ঘ সাধারণ পরিষদে আলোচনা
",166,269.0,0.09866666666666667,9.866666666666667
20613744,"

৯ মাসের জন্য মাঠের বাইরে নিউক্যাসল ডিফেন্ডার বোটম্যান
",166,269.0,0.09866666666666667,9.866666666666667
20606803,"

কষ্টার্জিত জয় মেরিনার্সের 
",165,271.0,0.098,9.8
20615428,"শিক্ষক শাহেদ ইমন বরখাস্ত, চেয়ারম্যানকে পদ থেকে অব্যাহতি",165,271.0,0.098,9.8
20606965,এরশাদের জন্মদিনে রংপুরে আলোচনা সভা ও দোয়া মাহফিল,164,273.0,0.09733333333333333,9.733333333333333
20611062,"

বাংলাদেশ ধীরে ধীরে একটি পুলিশি রাষ্ট্রে পরিণত হয়েছে : হাফিজ
",163,274.0,0.09666666666666666,9.666666666666666
20616074,"

আত্রাইয়ে ভ্রাম্যমাণ আদালতের অভিযানে অর্ধশত স্থাপনা উচ্ছেদ
",162,275.0,0.096,9.6
20606949,‘ওয়ার্ল্ড ওরাল হেলথ ডে’ উপলক্ষে  রংপুরে ‘ওরাল হেলথ অ্যান্ড হাইজিন’-এর পৃষ্ঠা উন্মোচন,160,276.0,0.09466666666666666,9.466666666666667
20616084,"

দ্য হান্ড্রেডে দল পাননি কোনো বাংলাদেশী
",160,276.0,0.09466666666666666,9.466666666666667
20613745,"

ইবনে সিনা মেডিক্যাল কলেজে ইফতার মাহফিল অনুষ্ঠিত
",158,278.0,0.09333333333333334,9.333333333333334
20613003,"

ওমরাহ করতে গিয়ে সুখবর পেলেন নাসিম শাহ
",158,278.0,0.09333333333333334,9.333333333333334
20616083,"

তেল আবিবে ইসরাইলি বিদ্যুৎকেন্দ্রে ইরাকি গ্রুপের হামলা
",157,280.0,0.09266666666666666,9.266666666666666
20606796,"
সভাপতি ইমরান, সম্পাদক ইমন  
বরিশালে ইন্টার্ন ডক্টরস অ্যাসোসিয়েশনের কমিটি গঠন
",157,280.0,0.09266666666666666,9.266666666666666
20611081,স্বাধীনতা দিবস উপলক্ষে বিএনপি'র তিনদিনের কর্মসূচি ঘোষণা,156,282.0,0.092,9.2
20606970,"চমেক হাসপাতালে র‌্যাবের অভিযান, ৩৮ দালাল আটক",156,282.0,0.092,9.2
20606802,"

 সাকিবকে হটিয়ে সেরা বোলার শরিফুল
",155,284.0,0.09133333333333334,9.133333333333333
20610531,"

অজি কন্যাদের চেপে ধরেছে বাংলাদেশ
",152,285.0,0.08933333333333333,8.933333333333334
20616082,"

পাকিস্তানে ক্ষমতাসীন সরকারের মেয়াদ চার থেকে পাঁচ মাস : ইমরান খান
",152,285.0,0.08933333333333333,8.933333333333334
20606764,"

 নির্বাচিত হলে শর্তসাপেক্ষে ন্যাটোতে থাকবেন ট্রাম্প
",152,285.0,0.08933333333333333,8.933333333333334
20612140,"

কারাভোগ শেষে দেশে ফিরলেন ভারতীয় ২ নাগরিক
",151,288.0,0.08866666666666667,8.866666666666667
20606960,এভারকেয়ার হসপিটাল চট্টগ্রামে ১০০তম কার্ডিয়াক সার্জারি সম্পন্ন,151,288.0,0.08866666666666667,8.866666666666667
20606934,সাবেক ইউপি চেয়ারম্যান রাজা মিয়ার স্মরণসভা,151,288.0,0.08866666666666667,8.866666666666667
20606863,"

ঈদে ইশতিয়াক আহমেদের শেষ পর্যন্ত তোমাকে চাই
",151,288.0,0.08866666666666667,8.866666666666667
20613747,"

বাংলাদেশ-অস্ট্রেলিয়া ম্যাচে ৫ রেকর্ড
",149,292.0,0.08733333333333333,8.733333333333333
20613757,"৪১তম বিসিএস: সুপারিশপ্রাপ্ত ২৪৫৩, বাদ ৬৭ প্রার্থী",148,293.0,0.08666666666666667,8.666666666666668
20606819,"

বিএনপির সাবেক মহাসচিব কে এম ওবায়দুর রহমানের মৃত্যুবার্ষিকী আজ
",148,293.0,0.08666666666666667,8.666666666666668
20606903,হাটহাজারীতে অসহায় মহিলাদের মাঝে সেলাই মেশিন বিতরণ,144,295.0,0.084,8.4
20606772,"

 সোনারগাঁওয়ে চার ডাকাত নিহতের ঘটনায় মামলা 
",144,295.0,0.084,8.4
20606843,"

বিএনপি ক্ষমতায় গেলে পার্বত্য চট্টগ্রামে শান্তি ফেরাতে কাজ করবে: আমীর খসরু
",143,297.0,0.08333333333333333,8.333333333333332
20606911,২৫শে মার্চ নয়াপল্টনে সমাবেশ করতে চায় মুক্তিযোদ্ধা দল,142,298.0,0.08266666666666667,8.266666666666666
20606893,শিবচরে ভ্রাম্যমাণ আদালতের অভিযান মাংসসহ তিন দোকানে জরিমানা,141,299.0,0.082,8.200000000000001
20606744,"

ডিজিটাল নিরাপত্তা আইনের মামলায় হাজিরা দিলেন প্রথম আলো সম্পাদক
",140,300.0,0.08133333333333333,8.133333333333333
20613740,"

সিংড়ায় আগুনে পুড়ল আশ্রয়ণ প্রকল্পের ১৭ ঘর
",139,301.0,0.08066666666666666,8.066666666666666
20610533,"

বিশ্বের দূষিত শহরের তালিকায় তৃতীয় ঢাকা
",138,302.0,0.08,8.0
20616784,"

৪১তম বিসিএসে চূড়ান্ত নিয়োগ পেলেন ২৪৫৩ জন
",137,303.0,0.07933333333333334,7.933333333333334
20606769,"

যুক্তরাষ্ট্র-ফিলিপাইনের মিত্রতা লৌহদৃঢ় : ব্লিনকেন
",137,303.0,0.07933333333333334,7.933333333333334
20612138,"

বাজার নিয়ন্ত্রণে ৩০ প্রতিষ্ঠানকে চাল আমদানির অনুমতি
",135,305.0,0.078,7.8
20606951,গঙ্গাচড়ায় সাংবাদিকদের মানববন্ধনে বাধা,135,305.0,0.078,7.8
20613005,"

ইন্দোনেশিয়ার প্রেসিডেন্ট নির্বাচিত হলেন সুবিয়ান্তো
",134,307.0,0.07733333333333334,7.733333333333333
20615422,"

নন্দীগ্রামে মোটরসাইকেল নিয়ন্ত্রণ হারিয়ে ২ যুবক নিহত
",134,307.0,0.07733333333333334,7.733333333333333
20611074,ঈদ উপলক্ষে ৪১ রুটে চলবে বিশেষ লঞ্চ,132,309.0,0.076,7.6
20606847,"

কনজ্যুমার ফিন্যান্স কোম্পানির আইন কঠোর করছে চীন
",131,310.0,0.07533333333333334,7.533333333333333
20606740,"

ঢাকাস্থ দেবিদ্বার কল্যাণ সমিতির ইফতার মাহফিল অনুষ্ঠিত
",130,311.0,0.07466666666666667,7.466666666666668
20616073,"

ইসরাইলি পণ্য বয়কট : এখন পশ্চিমা ব্র্যান্ডের পরিবর্তে তালিকায় থাকছে স্থানীয় পণ্য
",130,311.0,0.07466666666666667,7.466666666666668
20606770,"

 নোয়াখালীতে ডাকাতির প্রস্তুতিকালে গ্রেফতার ৩ অস্ত্র উদ্ধার 
",129,313.0,0.074,7.3999999999999995
20606901,লালমোহনে ব্যবসায়ীদের সতর্ক করলেন ইউএনও,127,314.0,0.07266666666666667,7.2666666666666675
20606765,"

 চীনে যাত্রীবাহী বাস দুর্ঘটনায় নিহত ১৪
",125,315.0,0.07133333333333333,7.133333333333333
20606783,"

আইপিডিসি ইজি ও ইউনিয়ন গ্রুপের মধ্যে চুক্তি স্বাক্ষর
",125,315.0,0.07133333333333333,7.133333333333333
20606943,মুরাদনগরের ইউপি চেয়ারম্যান সাময়িক বরখাস্ত,124,317.0,0.07066666666666667,7.066666666666667
20616785,"

কাশিমপুর কারাগারে যাবজ্জীবন সাজাপ্রাপ্ত কয়েদির মৃত্যু
",122,318.0,0.06933333333333333,6.933333333333333
20611060,"

ফ্লাইওভারে দুমড়ে-মুচড়ে যাওয়া অটো থেকে চালকের লাশ উদ্ধার
",121,319.0,0.06866666666666667,6.866666666666667
20610522,"

জুস খাওয়ায় প্রবাসী বাংলাদেশীকে খুন করল পাকিস্তানি
",121,319.0,0.06866666666666667,6.866666666666667
20610525,"

অস্ট্রেলিয়ার বিপক্ষে টসে জিতে বল করছে বাংলাদেশ
",121,319.0,0.06866666666666667,6.866666666666667
20611052,"

ইফতারে জুস খাওয়ায় প্রবাসীকে ছুরিকাঘাতে হত্যা
",121,319.0,0.06866666666666667,6.866666666666667
20606788,"

আলতাফুন্নেছা খেলার মাঠ আধুনিকায়নের কাজ শুরু
",120,323.0,0.068,6.800000000000001
20610528,"

ঢাকার সাথে ৩ ঘণ্টা পর উত্তর-দক্ষিণের ট্রেন চলাচল স্বাভাবিক
",120,323.0,0.068,6.800000000000001
20616078,"

অবন্তিকার আত্মহত্যা : তদন্তের জন্য শুক্রবার কুমিল্লা যাচ্ছেন জবির তদন্ত কমিটি
",118,325.0,0.06666666666666667,6.666666666666667
20606804,"

মুশফিকের বদলি তৌহিদ হৃদয়
",118,325.0,0.06666666666666667,6.666666666666667
20616076,"

দুর্নীতির অভিযোগে পদ ছাড়লেন ভিয়েতনামের প্রেসিডেন্ট থুং
",118,325.0,0.06666666666666667,6.666666666666667
20606792,"

চুরির মামলায় পাংশা ছাত্রলীগের সাধারণ সম্পাদক কারাগারে
",117,328.0,0.066,6.6000000000000005
20606736,"

আচমকা পদত্যাগ আয়ারল্যান্ডের প্রধানমন্ত্রীর
",116,329.0,0.06533333333333333,6.533333333333332
20612143,"

পাথরঘাটায় হরিণের চামড়াসহ আটক ৩
",115,330.0,0.06466666666666666,6.466666666666667
20606904,সরকারি যাকাত ফান্ডে যাকাত প্রদানে লালমোহনে সেমিনার,115,330.0,0.06466666666666666,6.466666666666667
20613001,"

দাগনভূঞায় চেক প্রতারণা মামলায় গ্রেফতার ২
",113,332.0,0.06333333333333334,6.333333333333334
20613746,"

গ্রীষ্মকালীন পেঁয়াজের উৎপাদন বাড়াতে ১৪ কোটি টাকার প্রণোদনা ঘোষণা
",111,333.0,0.062,6.2
20613741,"

জবিতে বিশেষ সিন্ডিকেটের আহ্বান 
",108,334.0,0.06,6.0
20606861,"

৩ বছর কারাভোগের পরও অজানা তিব্বতি লেখকের ভাগ্য
",108,334.0,0.06,6.0
20616778,"

জবির ফিল্ম অ্যান্ড টেলিভিশন বিভাগের নতুন চেয়ারম্যান অধ্যাপক আবুল হোসেন
",107,336.0,0.059333333333333335,5.933333333333334
20606928,হকি লীগে কষ্টার্জিত জয় মেরিনার্সের,107,336.0,0.059333333333333335,5.933333333333334
20612133,"

মিরসরাইয়ে ইয়াবাসহ রোহিঙ্গা যুবক গ্রেফতার
",106,338.0,0.058666666666666666,5.866666666666666
20613013,"মেট্রোরেলের ক্যান্টিন ভাড়া ১ হাজার টাকা!, তদন্তের নির্দেশ হাইকোর্টের",106,338.0,0.058666666666666666,5.866666666666666
20612991,"

কিয়েভে রাশিয়ার জোরালো ক্ষেপণাস্ত্র হামলা
",106,338.0,0.058666666666666666,5.866666666666666
20613006,"

পীরগাছায় হঠাৎ শিলাবৃষ্টি
",102,341.0,0.056,5.6000000000000005
20610532,"

ভূমিকম্পে কেঁপে উঠল টোকিও
",101,342.0,0.05533333333333333,5.533333333333333
20606905,কৃষি ব্যাংকে দালালের দৌরাত্ম্য,101,342.0,0.05533333333333333,5.533333333333333
20612999,"

রমজানে ইসলামে প্রবেশ করলেন উখিয়ার তুষার বড়ুয়া
",100,344.0,0.05466666666666667,5.466666666666667
20612996,"

ফরিদপুরে যাত্রী ছাউনিতে পড়েছিল যুবকের লাশ
",100,344.0,0.05466666666666667,5.466666666666667
20611077,বৃহত্তর খুলনা সমিতির ইফতার মাহফিল,99,346.0,0.054,5.4
20606780,"

ওয়ালটনের নতুন স্মার্টফোন ‘নেক্সজি এন৯’
",98,347.0,0.05333333333333334,5.333333333333334
20606774,"

বশেমুরকৃবিতে কৃষিপণ্য প্রক্রিয়াজাতকরণ বিষয়ক উদ্যোক্তা প্রশিক্ষণ উদ্বোধন
",97,348.0,0.05266666666666667,5.266666666666667
20606787,"

কাউখালীতে যৌন নিপীড়নের বিরুদ্ধে  প্রতিবাদ সমাবেশ
",95,349.0,0.051333333333333335,5.133333333333334
20610534,"

ডিএমপির অভিযানে গ্রেফতার ৩৩
",95,349.0,0.051333333333333335,5.133333333333334
20606806,"

হাসারাঙ্গা নিজেকে আর রাঙাতে পারলেন না
",95,349.0,0.051333333333333335,5.133333333333334
20606868,আহাদ মিয়ার ৫ম মৃত্যুবার্ষিকী আজ,95,349.0,0.051333333333333335,5.133333333333334
20616775,"

রমজানে পবিত্র ওমরাহ পালনে বেশ ক’জন পাকিস্তানি ক্রিকেটার
",94,353.0,0.050666666666666665,5.066666666666666
20612326,আট মামলায় আগাম জামিন পেলেন শ্রাবণ,92,354.0,0.04933333333333333,4.933333333333334
20611076,মাঠে নেমেই ৫ উইকেট মাশরাফির,92,354.0,0.04933333333333333,4.933333333333334
20606766,"

  পাকিস্তানে কয়লা খনিতে বিস্ফোরণে ১২ শ্রমিক নিহত
",92,354.0,0.04933333333333333,4.933333333333334
20611068,"

সর্বনিম্ন ফিতরা ১১৫, সর্বোচ্চ ২৯৭০ টাকা
",92,354.0,0.04933333333333333,4.933333333333334
20606907,নবাবগঞ্জে ইংরেজি বিতর্ক প্রতিযোগিতা,91,358.0,0.048666666666666664,4.866666666666666
20610866,গাজায় অবিলম্বে যুদ্ধবিরতির খসড়া যুক্তরাষ্ট্রের,88,359.0,0.04666666666666667,4.666666666666667
20606785,"

 বাংলাদেশ ব্যাংক ও মার্কেন্টাইল ব্যাংক চুক্তি 
",88,359.0,0.04666666666666667,4.666666666666667
20606743,"

জোর করে মাটি কাটায় বাধা: হামলায় নারীসহ আহত দুই
",87,361.0,0.046,4.6
20606739,"

মোকাম্মেল অলি ছিলেন আবদুচ্ছালাম ইছাপুরী: সুফি মিজান
",85,362.0,0.04466666666666667,4.466666666666667
20606791,"

মুরাদনগরে প্রধান শিক্ষককে অপসারণ দাবিতে মানববন্ধন
",85,362.0,0.04466666666666667,4.466666666666667
20606782,"

 বাংলাদেশ ব্যাংক ও আল-আরাফাহ্ ইসলামী ব্যাংকের চুক্তি
",83,364.0,0.043333333333333335,4.333333333333334
20606793,"

লালমোহনে সাংবাদিক হান্নানকে প্রাণনাশের হুমকি
",82,365.0,0.042666666666666665,4.266666666666667
20606775,"

 সোনাগাজী পেশাজীবী ফোরামের ইফতার মাহফিল
",78,366.0,0.04,4.0
20606763,"

পাকিস্তানকে আরো ১১০ কোটি ডলার  দেবে আইএমএফ
",77,367.0,0.03933333333333333,3.933333333333333
20606781,"

 স্ট্যান্ডার্ড ব্যাংক বাংলাদেশ ব্যাংক অংশগ্রহণমূলক চুক্তি
",77,367.0,0.03933333333333333,3.933333333333333
20606976,অন্যরকম প্রেমের গল্প,74,369.0,0.037333333333333336,3.733333333333334
20606758,"

প্রশ্নোত্তর
",74,369.0,0.037333333333333336,3.733333333333334
20606875,১৩ বছর বয়সে হেনস্তার শিকার,73,371.0,0.03666666666666667,3.6666666666666665
20606741,"

সমাজসেবক আবুল হোসেনের ইন্তেকাল
",72,372.0,0.036,3.5999999999999996
20606742,"

দালালে গিজ গিজ করছে চমেক হাসপাতাল
",71,373.0,0.035333333333333335,3.5333333333333337
20606874,গুরুতর অসুস্থ লিলি চক্রবর্তী,69,374.0,0.034,3.4000000000000004
20606872,পবিত্র কোরআন পড়ে মুগ্ধ উইল স্মিথ,68,375.0,0.03333333333333333,3.3333333333333335
20613004,"

আফগানিস্তানে আত্মঘাতী হামলায় নিহত ৩
",65,376.0,0.03133333333333333,3.1333333333333333
20612994,"

৩২টি এয়ারবাস, ১০টি বোয়িং বিমান কিনছে জাপান
",65,376.0,0.03133333333333333,3.1333333333333333
20606873,রমজান জুড়ে মৌসুমী মৌ,62,378.0,0.029333333333333333,2.933333333333333
20606786,"

লোহাগড়ায় পৌর কাউন্সিলরের ওপর হামলা 
",54,379.0,0.024,2.4
20606773,"

 মিরসরাইয়ে বাড়ির উঠান থেকে সিএনজি চুরি, গ্রেফতার ১
",51,380.0,0.022,2.1999999999999997
20606795,"

কোটালীপাড়ায় ডায়াগনস্টিক সেন্টারে অভিযান
",45,381.0,0.018,1.7999999999999998
20606859,"

হাদিসের কথা
",40,382.0,0.014666666666666666,1.4666666666666666
20606759,"

আল কুরআনের বাণী
",36,383.0,0.012,1.2
20612997,"

রাশিয়ার প্রেসিডেন্ট পদে পুনরায় নির্বাচিত হওয়ায় পুতিনকে প্রধানমন্ত্রীর অভিনন্দন
",31,384.0,0.008666666666666666,0.8666666666666666
20606801,"

আজকের খেলা
",18,385.0,0.0,0.0
